,rank,title,description,runtime,genre,rating,meta_score,vote,gross_earning,director,actor1,actor2,actor3,actor4
0,1,Star Wars: Episode VIII - The Last Jedi,"Rey develops her newly discovered abilities with the guidance of Luke Skywalker, who is unsettled by the strength of her powers. Meanwhile, the Resistance prepares for battle with the First Order.",151,"Action, Adventure, Fantasy",7.1,85.0,504823,620.18,Rian Johnson,Daisy Ridley,John Boyega,Mark Hamill,Carrie Fisher
1,2,Jumanji: Welcome to the Jungle,"Four teenagers are sucked into a magical video game, and the only way they can escape is to work together to finish the game.",119,"Action, Adventure, Comedy",6.9,58.0,272523,404.52,Jake Kasdan,Dwayne Johnson,Karen Gillan,Kevin Hart,Jack Black
2,3,It,"In the summer of 1989, a group of bullied kids band together to destroy a shape-shifting monster, which disguises itself as a clown and preys on the children of Derry, their small Maine town.",135,Horror,7.3,69.0,414334,327.48,Andy Muschietti,Bill Skarsgård,Jaeden Martell,Finn Wolfhard,Sophia Lillis
3,4,Logan,"In a future where mutants are nearly extinct, an elderly and weary Logan leads a quiet life. But when Laura, a mutant child pursued by scientists, comes to him for help, he must get her to safety.",137,"Action, Drama, Sci-Fi",8.1,77.0,591898,226.28,James Mangold,Hugh Jackman,Patrick Stewart,Dafne Keen,Boyd Holbrook
4,5,Blade Runner 2049,"A young blade runner's discovery of a long-buried secret leads him to track down former blade runner Rick Deckard, who's been missing for thirty years.",164,"Action, Drama, Mystery",8.0,81.0,405587,92.05,Denis Villeneuve,Harrison Ford,Ryan Gosling,Ana de Armas,Dave Bautista
5,6,Call Me by Your Name,"In 1980s Italy, a romance blossoms between a seventeen-year-old student and the older man hired as his father's research assistant.",132,"Drama, Romance",7.9,93.0,170897,18.1,Luca Guadagnino,Armie Hammer,Timothée Chalamet,Michael Stuhlbarg,Amira Casar
6,7,Good Time,"After a botched bank robbery lands his younger brother in prison, Connie Nikas embarks on a twisted odyssey through New York City's underworld to get his brother Nick out of jail.",101,"Crime, Drama, Thriller",7.3,80.0,60069,2.03,Benny Safdie,|,Robert Pattinson,Benny Safdie,Jennifer Jason Leigh
7,8,The Greatest Showman,Celebrates the birth of show business and tells of a visionary who rose from nothing to create a spectacle that became a worldwide sensation.,105,"Biography, Drama, Musical",7.6,48.0,211103,174.34,Michael Gracey,Hugh Jackman,Michelle Williams,Zac Efron,Zendaya
8,9,Lady Bird,"In 2002, an artistically inclined seventeen-year-old girl comes of age in Sacramento, California.",94,"Comedy, Drama",7.4,94.0,193453,48.96,Greta Gerwig,Saoirse Ronan,Laurie Metcalf,Tracy Letts,Lucas Hedges
9,10,Thor: Ragnarok,"Imprisoned on the planet Sakaar, Thor must race against time to return to Asgard and stop Ragnarök, the destruction of his world, at the hands of the powerful and ruthless villain Hela.",130,"Action, Adventure, Comedy",7.9,74.0,525020,315.06,Taika Waititi,Chris Hemsworth,Tom Hiddleston,Cate Blanchett,Mark Ruffalo
10,11,Get Out,"A young African-American visits his white girlfriend's parents for the weekend, where his simmering uneasiness about their reception of him eventually reaches a boiling point.",104,"Horror, Mystery, Thriller",7.7,84.0,435097,176.04,Jordan Peele,Daniel Kaluuya,Allison Williams,Bradley Whitford,Catherine Keener
11,12,It Comes at Night,"Secure within a desolate home as an unnatural threat terrorizes the world, a man has established a tenuous domestic order with his wife and son. Then a desperate young family arrives seeking refuge.",91,"Horror, Mystery",6.2,78.0,74095,13.99,Trey Edward Shults,Joel Edgerton,Christopher Abbott,Carmen Ejogo,Riley Keough
12,13,xXx: Return of Xander Cage,"Xander Cage is left for dead after an incident, though he secretly returns to action for a new, tough assignment with his handler Augustus Gibbons.",107,"Action, Adventure, Thriller",5.2,42.0,80592,44.9,D.J. Caruso,Vin Diesel,Donnie Yen,Deepika Padukone,Kris Wu
13,14,Beauty and the Beast,"A selfish prince is cursed to become a monster for the rest of his life, unless he learns to fall in love with a beautiful young woman he keeps prisoner.",129,"Family, Fantasy, Musical",7.2,65.0,250683,504.01,Bill Condon,Emma Watson,Dan Stevens,Luke Evans,Josh Gad
14,15,Dunkirk,"Allied soldiers from Belgium, the British Empire, and France are surrounded by the German Army, and evacuated during a fierce battle in World War II.",106,"Action, Drama, History",7.9,94.0,492275,188.37,Christopher Nolan,Fionn Whitehead,Barry Keoghan,Mark Rylance,Tom Hardy
15,16,Shot Caller,A newly released prisoner is forced by the leaders of his gang to orchestrate a major crime with a brutal rival gang on the streets of Southern California.,121,"Crime, Drama, Thriller",7.3,59.0,63341,0.0,Ric Roman Waugh,Nikolaj Coster-Waldau,Omari Hardwick,Lake Bell,Jon Bernthal
16,17,Murder on the Orient Express,"When a murder occurs on the train on which he's travelling, celebrated detective Hercule Poirot is recruited to solve the case.",114,"Crime, Drama, Mystery",6.5,52.0,188841,102.83,Kenneth Branagh,Kenneth Branagh,Penélope Cruz,Willem Dafoe,Judi Dench
17,18,A Christmas Prince,"When a reporter goes undercover as a tutor to get the inside scoop on a playboy prince, she gets tangled in some royal intrigue and ends up finding love - but will she be able to keep up her lie?",92,"Comedy, Family, Romance",5.7,0.0,14326,0.0,Alex Zamm,Rose McIver,Ben Lamb,Alice Krige,Honor Kneafsey
18,19,American Made,"The story of Barry Seal, an American pilot who became a drug-runner for the CIA in the 1980s in a clandestine operation that would be exposed as the Iran-Contra Affair.",115,"Action, Biography, Comedy",7.1,65.0,142394,51.34,Doug Liman,Tom Cruise,Domhnall Gleeson,Sarah Wright,Jesse Plemons
19,20,"I, Tonya","Competitive ice skater Tonya Harding rises amongst the ranks at the U.S. Figure Skating Championships, but her future in the activity is thrown into doubt when her ex-husband intervenes.",119,"Biography, Comedy, Drama",7.5,77.0,154594,30.01,Craig Gillespie,Margot Robbie,Sebastian Stan,Allison Janney,Julianne Nicholson
20,21,A Bad Moms Christmas,"As their own mothers drop in unexpectedly, our three under-appreciated and over-burdened moms rebel against the challenges and expectations of the Super Bowl for mothers: Christmas.",104,Comedy,5.6,42.0,37010,72.11,Jon Lucas,|,Mila Kunis,Kristen Bell,Kathryn Hahn
21,22,Justice League,"Fueled by his restored faith in humanity and inspired by Superman's selfless act, Bruce Wayne enlists the help of his new-found ally, Diana Prince, to face an even greater enemy.",120,"Action, Adventure, Fantasy",6.4,45.0,349414,229.02,Zack Snyder,Ben Affleck,Gal Gadot,Jason Momoa,Ezra Miller
22,23,The Shape of Water,"At a top secret research facility in the 1960s, a lonely janitor forms a unique relationship with an amphibious creature that is being held in captivity.",123,"Adventure, Drama, Fantasy",7.3,87.0,331177,63.86,Guillermo del Toro,Sally Hawkins,Octavia Spencer,Michael Shannon,Doug Jones
23,24,Wonder Woman,"When a pilot crashes and tells of conflict in the outside world, Diana, an Amazonian warrior in training, leaves home to fight a war, discovering her full powers and true destiny.",141,"Action, Adventure, Fantasy",7.4,76.0,511173,412.56,Patty Jenkins,Gal Gadot,Chris Pine,Robin Wright,Lucy Davis
24,25,Three Christs,"Three Christs follows Dr. Alan Stone who is treating three paranoid schizophrenic patients at the Ypsilanti State Hospital in Michigan, each of whom believed they were Jesus Christ. What transpires is both comic and deeply moving.",117,Drama,5.8,0.0,184,0.0,Jon Avnet,Richard Gere,Peter Dinklage,Walton Goggins,Bradley Whitford
25,26,Guardians of the Galaxy Vol. 2,"The Guardians struggle to keep together as a team while dealing with their personal family issues, notably Star-Lord's encounter with his father the ambitious celestial being Ego.",136,"Action, Adventure, Comedy",7.6,67.0,516644,389.81,James Gunn,Chris Pratt,Zoe Saldana,Dave Bautista,Vin Diesel
26,27,Valerian and the City of a Thousand Planets,"A dark force threatens Alpha, a vast metropolis and home to species from a thousand planets. Special operatives Valerian and Laureline must race to identify the marauding menace and safeguard not just Alpha, but the future of the universe.",137,"Action, Adventure, Fantasy",6.5,51.0,148727,41.19,Luc Besson,Dane DeHaan,Cara Delevingne,Clive Owen,Rihanna
27,28,Baby Driver,"After being coerced into working for a crime boss, a young getaway driver finds himself taking part in a heist doomed to fail.",113,"Action, Crime, Drama",7.6,86.0,390928,107.83,Edgar Wright,Ansel Elgort,Jon Bernthal,Jon Hamm,Eiza González
28,29,The Snowman,Detective Harry Hole investigates the disappearance of a woman whose scarf is found wrapped around an ominous-looking snowman.,119,"Crime, Drama, Mystery",5.1,23.0,52400,6.67,Tomas Alfredson,Michael Fassbender,Rebecca Ferguson,Charlotte Gainsbourg,Jonas Karlsson
29,30,Wonder,"Based on the New York Times bestseller, this movie tells the incredibly inspiring and heartwarming story of August Pullman, a boy with facial differences who enters the fifth grade, attending a mainstream elementary school for the first time.",113,"Drama, Family",8.0,66.0,120657,132.42,Stephen Chbosky,Jacob Tremblay,Owen Wilson,Izabela Vidovic,Julia Roberts
30,31,King Arthur: Legend of the Sword,"Robbed of his birthright, Arthur comes up the hard way in the back alleys of the city. But once he pulls the sword from the stone, he is forced to acknowledge his true legacy - whether he likes it or not.",126,"Action, Adventure, Drama",6.7,41.0,176675,39.18,Guy Ritchie,Charlie Hunnam,Astrid Bergès-Frisbey,Jude Law,Djimon Hounsou
31,32,Transformers: The Last Knight,"A deadly threat from Earth's history reappears, and a hunt for a lost artifact takes place between Autobots and Decepticons, while Optimus Prime encounters his creator in space.",154,"Action, Adventure, Sci-Fi",5.2,27.0,125358,130.17,Michael Bay,Mark Wahlberg,Anthony Hopkins,Josh Duhamel,Laura Haddock
32,33,Downsizing,"A social satire in which a man realizes he would have a better life if he were to shrink himself to five inches tall, allowing him to live in wealth and splendor.",135,"Drama, Sci-Fi",5.7,63.0,85458,24.45,Alexander Payne,Matt Damon,Christoph Waltz,Hong Chau,Kristen Wiig
33,34,Borg McEnroe,The story of the 1980 tennis rivalry between the placid Björn Borg and the volatile John McEnroe.,107,"Biography, Drama, Sport",7.0,63.0,23123,14.11,Janus Metz,Sverrir Gudnason,Shia LaBeouf,Stellan Skarsgård,Tuva Novotny
34,35,"Three Billboards Outside Ebbing, Missouri",A mother personally challenges the local authorities to solve her daughter's murder when they fail to catch the culprit.,115,"Comedy, Crime, Drama",8.2,88.0,373255,54.51,Martin McDonagh,Frances McDormand,Woody Harrelson,Sam Rockwell,Caleb Landry Jones
35,36,Baywatch,"Devoted lifeguard Mitch Buchannon butts heads with a brash new recruit, as they uncover a criminal plot that threatens the future of the bay.",116,"Action, Comedy, Crime",5.5,37.0,147077,58.06,Seth Gordon,Dwayne Johnson,Zac Efron,Alexandra Daddario,Priyanka Chopra
36,37,Daddy's Home 2,"Having finally gotten used to each other's existence, Brad and Dusty must now deal with their intrusive fathers during the holidays.",100,Comedy,6.0,30.0,54311,104.03,Sean Anders,Will Ferrell,Mark Wahlberg,Mel Gibson,John Lithgow
37,38,Coco,"Aspiring musician Miguel, confronted with his family's ancestral ban on music, enters the Land of the Dead to find his great-great-grandfather, a legendary singer.",105,"Animation, Adventure, Family",8.4,81.0,312338,209.73,Lee Unkrich,|,Anthony Gonzalez,Gael García Bernal,Benjamin Bratt
38,39,Spider-Man: Homecoming,"Peter Parker balances his life as an ordinary high school student in Queens with his superhero alter-ego Spider-Man, and finds himself on the trail of a new menace prowling the skies of New York City.",133,"Action, Adventure, Sci-Fi",7.4,73.0,465124,334.2,Jon Watts,Tom Holland,Michael Keaton,Robert Downey Jr.,Marisa Tomei
39,40,Kingsman: The Golden Circle,"When their headquarters are destroyed and the world is held hostage, the Kingsman's journey leads them to the discovery of an allied spy organization in the United States. These two elite secret organizations must band together to defeat a common enemy.",141,"Action, Adventure, Comedy",6.7,44.0,245711,100.23,Matthew Vaughn,Taron Egerton,Colin Firth,Mark Strong,Channing Tatum
40,41,John Wick: Chapter 2,"After returning to the criminal underworld to repay a debt, John Wick discovers that a large bounty has been put on his life.",122,"Action, Crime, Thriller",7.5,75.0,325350,92.03,Chad Stahelski,Keanu Reeves,Riccardo Scamarcio,Ian McShane,Ruby Rose
41,42,You Were Never Really Here,"A traumatized veteran, unafraid of violence, tracks down missing girls for a living. When a job spins out of control, Joe's nightmares overtake him as a conspiracy is uncovered leading to what may be his death trip or his awakening.",89,"Crime, Drama, Mystery",6.8,84.0,84078,2.52,Lynne Ramsay,Joaquin Phoenix,Judith Roberts,Ekaterina Samsonov,John Doman
42,43,Only the Brave,"Based on the true story of the Granite Mountain Hotshots, a group of elite firefighters who risk everything to protect a town from a historic wildfire.",134,"Action, Biography, Drama",7.7,72.0,49956,18.34,Joseph Kosinski,Josh Brolin,Miles Teller,Jeff Bridges,Jennifer Connelly
43,44,The Post,A cover-up that spanned four U.S. Presidents pushed the country's first female newspaper publisher and a hard-driving editor to join an unprecedented battle between the press and the government.,116,"Biography, Drama, History",7.2,83.0,116385,81.9,Steven Spielberg,Meryl Streep,Tom Hanks,Sarah Paulson,Bob Odenkirk
44,45,The Star,A small but brave donkey and his animal friends become the unsung heroes of the first Christmas.,86,"Animation, Adventure, Comedy",6.1,42.0,5790,40.85,Timothy Reckart,Steven Yeun,Keegan-Michael Key,Aidy Bryant,Gina Rodriguez
45,46,The Meyerowitz Stories (New and Selected),An estranged family gathers together in New York City for an event celebrating the artistic work of their father.,112,"Comedy, Drama",6.9,79.0,33681,0.0,Noah Baumbach,Adam Sandler,Grace Van Patten,Dustin Hoffman,Elizabeth Marvel
46,47,Mother!,"A couple's relationship is tested when uninvited guests arrive at their home, disrupting their tranquil existence.",121,"Drama, Horror, Mystery",6.6,75.0,170403,17.8,Darren Aronofsky,Jennifer Lawrence,Javier Bardem,Ed Harris,Michelle Pfeiffer
47,48,Atomic Blonde,An undercover MI6 agent is sent to Berlin during the Cold War to investigate the murder of a fellow agent and recover a missing list of double agents.,115,"Action, Mystery, Thriller",6.7,63.0,160019,51.69,David Leitch,Charlize Theron,James McAvoy,John Goodman,Eddie Marsan
48,49,Phantom Thread,"Set in 1950s London, Reynolds Woodcock is a renowned dressmaker whose fastidious life is disrupted by a young, strong-willed woman, Alma, who becomes his muse and lover.",130,"Drama, Romance",7.5,90.0,93432,21.02,Paul Thomas Anderson,Vicky Krieps,Daniel Day-Lewis,Lesley Manville,Julie Vollono
49,50,Pirates of the Caribbean: Dead Men Tell No Tales,Captain Jack Sparrow (Johnny Depp) searches for the trident of Poseidon while being pursued by an undead sea Captain and his crew.,129,"Action, Adventure, Fantasy",6.6,39.0,239857,172.56,Joachim Rønning,|,Johnny Depp,Geoffrey Rush,Javier Bardem
50,51,The Babysitter,The events of one evening take an unexpected turn for the worst for a young boy trying to spy on his babysitter.,85,"Comedy, Horror",6.3,0.0,52026,0.0,McG,Judah Lewis,Samara Weaving,Robbie Amell,Hana Mae Lee
51,52,The Fate of the Furious,"When a mysterious woman seduces Dominic Toretto (Vin Diesel) into the world of terrorism and a betrayal of those closest to him, the crew face trials that will test them as never before.",136,"Action, Adventure, Thriller",6.7,56.0,189607,226.01,F. Gary Gray,Vin Diesel,Jason Statham,Dwayne Johnson,Michelle Rodriguez
52,53,The Man Who Invented Christmas,"The journey that led to Charles Dickens' creation of ""A Christmas Carol,"" a timeless tale that would redefine Christmas.",104,"Biography, Comedy, Drama",7.0,60.0,10770,5.68,Bharat Nalluri,Dan Stevens,Mark Schrier,Patrick Joseph Byrnes,Miriam Margolyes
53,54,Power Rangers,"A group of high-school students, who are infused with unique superpowers, harness their abilities in order to save the world.",124,"Action, Adventure, Sci-Fi",5.9,44.0,96494,85.36,Dean Israelite,Dacre Montgomery,Naomi Scott,RJ Cyler,Ludi Lin
54,55,Logan Lucky,Two brothers attempt to pull off a heist during a NASCAR race in North Carolina.,118,"Comedy, Crime, Drama",7.0,78.0,112379,27.78,Steven Soderbergh,Channing Tatum,Adam Driver,Daniel Craig,Farrah Mackenzie
55,56,The Big Sick,"Pakistan-born comedian Kumail Nanjiani and grad student Emily Gardner fall in love but struggle as their cultures clash. When Emily contracts a mysterious illness, Kumail finds himself forced to face her feisty parents, his family's expectations, and his true feelings.",120,"Comedy, Drama, Romance",7.6,86.0,109531,42.87,Michael Showalter,Kumail Nanjiani,Zoe Kazan,Holly Hunter,Ray Romano
56,57,Anna and the Apocalypse,"A zombie apocalypse threatens the sleepy town of Little Haven - at Christmas - forcing Anna and her friends to fight, slash and sing their way to survival, facing the undead in a desperate race to reach their loved ones. But they soon discover that no one is safe in this new world, and with civilization falling apart around them, the only people they can truly rely on are each other.",93,"Comedy, Fantasy, Horror",6.0,63.0,7349,0.55,John McPhail,Ella Hunt,Malcolm Cumming,Sarah Swire,Christopher Leveaux
57,58,Okja,"A young girl risks everything to prevent a powerful, multinational company from kidnapping her best friend - a fascinating beast named Okja.",120,"Action, Adventure, Drama",7.3,75.0,79849,0.0,Bong Joon Ho,Tilda Swinton,Paul Dano,Seo-hyun Ahn,Jake Gyllenhaal
58,59,The Mummy,"An ancient Egyptian princess is awakened from her crypt beneath the desert, bringing with her malevolence grown over millennia, and terrors that defy human comprehension.",110,"Action, Adventure, Fantasy",5.4,34.0,161688,80.1,Alex Kurtzman,Tom Cruise,Sofia Boutella,Annabelle Wallis,Russell Crowe
59,60,Christmas Inheritance,"To be the CEO, an heiress is challenged by her dad to deliver a Christmas letter in person to his ex-partner in their hometown - traveling by bus, incognito and with only $100. Will she learn something from the people there?",104,Comedy,5.7,0.0,7995,0.0,Ernie Barbarash,Eliza Taylor,Jake Lacy,Andie MacDowell,Neil Crone
60,61,Life,A team of scientists aboard the International Space Station discover a rapidly evolving life form that caused extinction on Mars and now threatens all life on Earth.,104,"Horror, Sci-Fi, Thriller",6.6,54.0,190551,30.23,Daniel Espinosa,Jake Gyllenhaal,Rebecca Ferguson,Ryan Reynolds,Hiroyuki Sanada
61,62,Ghost in the Shell,"In the near future, Major Mira Killian is the first of her kind: A human saved from a terrible crash, who is cyber-enhanced to be a perfect soldier devoted to stopping the world's most dangerous criminals.",107,"Action, Drama, Sci-Fi",6.3,52.0,184219,40.56,Rupert Sanders,Scarlett Johansson,Pilou Asbæk,Takeshi Kitano,Juliette Binoche
62,63,Bright,A detective must work with an Orc to find a powerful wand before evil creatures do.,117,"Action, Adventure, Crime",6.4,29.0,155318,0.0,David Ayer,Will Smith,Joel Edgerton,Noomi Rapace,Edgar Ramírez
63,64,Alien: Covenant,"The crew of a colony ship, bound for a remote planet, discover an uncharted paradise with a threat beyond their imagination, and must attempt a harrowing escape.",122,"Horror, Sci-Fi, Thriller",6.4,65.0,236094,74.26,Ridley Scott,Michael Fassbender,Katherine Waterston,Billy Crudup,Danny McBride
64,65,Kong: Skull Island,"After the Vietnam war, a team of scientists explores an uncharted island in the Pacific, venturing into the domain of the mighty Kong, and must fight to escape a primal Eden.",118,"Action, Adventure, Fantasy",6.6,62.0,250169,168.05,Jordan Vogt-Roberts,Tom Hiddleston,Samuel L. Jackson,Brie Larson,John C. Reilly
65,66,The Killing of a Sacred Deer,"Steven, a charismatic surgeon, is forced to make an unthinkable sacrifice after his life starts to fall apart, when the behavior of a teenage boy he has taken under his wing turns sinister.",121,"Drama, Horror, Mystery",7.0,73.0,99639,2.29,Yorgos Lanthimos,Barry G. Bernson,Herb Caillouet,Bill Camp,Raffey Cassidy
66,67,The Disaster Artist,"When Greg Sestero, an aspiring film actor, meets the weird and mysterious Tommy Wiseau in an acting class, they form a unique friendship and travel to Hollywood to make their dreams come true.",104,"Biography, Comedy, Drama",7.4,76.0,120412,21.12,James Franco,James Franco,Dave Franco,Ari Graynor,Seth Rogen
67,68,Christmas in the Heartland,"Kara and Jessie are two teenager girls from very different worlds, but with a little Christmas magic, they find they have much more in common than they ever imagined.",112,Family,6.0,0.0,724,0.0,Harvey Lowry,Sierra McCormick,Brighton Sharbino,Bo Derek,Shelley Long
68,69,Gerald's Game,"A couple tries to spice up their marriage in a remote lake house; after the husband dies unexpectedly, the wife is left handcuffed to their bed frame and must fight to survive and break free.",103,"Drama, Horror, Thriller",6.6,77.0,74083,0.0,Mike Flanagan,Carla Gugino,Bruce Greenwood,Chiara Aurelia,Carel Struycken
69,70,The Death of Stalin,"Moscow, 1953. After being in power for nearly 30 years, Soviet dictator Josef Stalin takes ill and quickly dies. Now the members of the Council of Ministers scramble for power.",107,"Comedy, Drama, History",7.2,88.0,70203,8.04,Armando Iannucci,Steve Buscemi,Simon Russell Beale,Jeffrey Tambor,Andrea Riseborough
70,71,Darkest Hour,"In May 1940, the fate of Western Europe hangs on British Prime Minister Winston Churchill, who must decide whether to negotiate with Adolf Hitler, or fight on knowing that it could mean a humiliating defeat for Britain and its empire.",125,"Biography, Drama, History",7.4,75.0,148218,56.47,Joe Wright,Gary Oldman,Lily James,Kristin Scott Thomas,Ben Mendelsohn
71,72,CHIPS,"A rookie officer is teamed with a hardened pro at the California Highway Patrol, though the newbie soon learns his partner is really an undercover Fed investigating a heist that may involve some crooked cops.",100,"Action, Comedy, Crime",6.0,28.0,39235,18.59,Dax Shepard,Michael Peña,Dax Shepard,Vincent D'Onofrio,Rosa Salazar
72,73,Wind River,A veteran hunter helps an FBI agent investigate the murder of a young woman on a Wyoming Native American reservation.,107,"Crime, Drama, Mystery",7.7,73.0,180884,33.8,Taylor Sheridan,Kelsey Asbille,Jeremy Renner,Julia Jones,Teo Briones
73,74,Fifty Shades Darker,"While Christian wrestles with his inner demons, Anastasia must confront the anger and envy of the women who came before her.",118,"Drama, Romance",4.6,33.0,85012,114.38,James Foley,Dakota Johnson,Jamie Dornan,Eric Johnson,Eloise Mumford
74,75,Molly's Game,"The true story of Molly Bloom, an Olympic-class skier who ran the world's most exclusive high-stakes poker game and became an FBI target.",140,"Biography, Crime, Drama",7.4,71.0,114729,28.78,Aaron Sorkin,Jessica Chastain,Idris Elba,Kevin Costner,Michael Cera
75,76,The Current War,The dramatic story of the cutthroat race between electricity titans Thomas Edison and George Westinghouse to determine whose electrical system would power the modern world.,102,"Biography, Drama, History",6.4,55.0,7990,0.0,Alfonso Gomez-Rejon,Benedict Cumberbatch,Tom Holland,Oliver Powell,Nicholas Hoult
76,77,The Hitman's Bodyguard,"The world's top bodyguard gets a new client, a hitman who must testify at the International Criminal Court. They must put their differences aside and work together to make it to the trial on time.",118,"Action, Comedy, Thriller",6.9,47.0,170730,75.47,Patrick Hughes,Ryan Reynolds,Samuel L. Jackson,Gary Oldman,Elodie Yung
77,78,All the Money in the World,The story of the kidnapping of 16-year-old John Paul Getty III and the desperate attempt by his devoted mother to convince his billionaire grandfather Jean Paul Getty to pay the ransom.,132,"Biography, Crime, Drama",6.8,72.0,65163,25.11,Ridley Scott,Michelle Williams,Christopher Plummer,Mark Wahlberg,Romain Duris
78,79,The Upside,A comedic look at the relationship between a wealthy man with quadriplegia and an unemployed man with a criminal record who's hired to help him.,126,"Comedy, Drama",6.9,46.0,35114,108.25,Neil Burger,Kevin Hart,Bryan Cranston,Nicole Kidman,Aja Naomi King
79,80,Pitch Perfect 3,"Following their win at the world championship, the now separated Bellas reunite for one last singing competition at an overseas USO tour, but face a group who uses both instruments and voices.",93,"Comedy, Music",5.8,40.0,49270,104.9,Trish Sie,Anna Kendrick,Rebel Wilson,Brittany Snow,Anna Camp
80,81,Papillon,"Wrongfully convicted for murder, Henri Charriere forms an unlikely relationship with fellow inmate and quirky convicted counterfeiter Louis Dega, in an attempt to escape from the notorious penal colony on Devil's Island.",133,"Adventure, Biography, Crime",7.1,51.0,40262,2.34,Michael Noer,Charlie Hunnam,Damijan Oklopdzic,Christopher Fairbank,Jason Ryan
81,82,Time Trap,A professor enters a cave and goes missing. Some of his students come looking for him and get trapped in the cave as well.,87,"Action, Adventure, Sci-Fi",6.5,46.0,11994,0.0,Mark Dennis,|,Andrew Wilson,Cassidy Gifford,Brianne Howey
82,83,The Dark Tower,A boy haunted by visions of a dark tower from a parallel reality teams up with the tower's disillusioned guardian to stop an evil warlock known as the Man in Black who plans to use the boy to destroy the tower and open the gates of Hell.,95,"Action, Adventure, Fantasy",5.6,34.0,116851,50.7,Nikolaj Arcel,Idris Elba,Matthew McConaughey,Tom Taylor,Dennis Haysbert
83,84,Gifted,"Frank, a single man raising his child prodigy niece Mary, is drawn into a custody battle with his mother.",101,Drama,7.6,60.0,87997,24.8,Marc Webb,Chris Evans,Mckenna Grace,Lindsay Duncan,Octavia Spencer
84,85,Hostiles,"In 1892, a legendary Army Captain reluctantly agrees to escort a Cheyenne chief and his family through dangerous territory.",134,"Drama, Western",7.2,65.0,58852,29.82,Scott Cooper,Scott Shepherd,Rosamund Pike,Ava Cooper,Stella Cooper
85,86,Happy Death Day,"A college student must relive the day of her murder over and over again, in a loop that will end only when she discovers her killer's identity.",96,"Horror, Mystery, Thriller",6.5,58.0,99802,55.68,Christopher Landon,Jessica Rothe,Israel Broussard,Ruby Modine,Charles Aitken
86,87,"Roman J. Israel, Esq.","Roman J. Israel, Esq., a driven, idealistic defense attorney, finds himself in a tumultuous series of events that lead to a crisis and the necessity for extreme action.",122,"Crime, Drama, Thriller",6.4,58.0,26105,11.96,Dan Gilroy,Denzel Washington,Colin Farrell,Carmen Ejogo,Lynda Gravatt
87,88,Sweet Virginia,A former rodeo champ befriends a young man with a propensity for violence.,93,"Drama, Thriller",6.2,72.0,6941,0.01,Jamie M. Dagg,Jon Bernthal,Christopher Abbott,Imogen Poots,Rosemarie DeWitt
88,89,Geostorm,"When the network of satellites designed to control the global climate starts to attack Earth, it's a race against the clock for its creator to uncover the real threat before a worldwide Geostorm wipes out everything and everyone.",109,"Action, Sci-Fi, Thriller",5.3,21.0,84782,33.7,Dean Devlin,Gerard Butler,Jim Sturgess,Abbie Cornish,Alexandra Maria Lara
89,90,The Florida Project,"Set over one summer, the film follows precocious six-year-old Moonee as she courts mischief and adventure with her ragtag playmates and bonds with her rebellious but caring mother, all while living in the shadows of Walt Disney World.",111,Drama,7.6,92.0,78265,5.9,Sean Baker,Brooklynn Prince,Bria Vinaite,Willem Dafoe,Christopher Rivera
90,91,Girls Trip,"When four lifelong friends travel to New Orleans for the annual Essence Festival, sisterhoods are rekindled, wild sides are rediscovered, and there's enough dancing, drinking, brawling, and romancing to make the Big Easy blush.",122,"Adventure, Comedy, Drama",6.2,71.0,31353,115.17,Malcolm D. Lee,Regina Hall,Queen Latifah,Jada Pinkett Smith,Tiffany Haddish
91,92,American Assassin,"After the death of his girlfriend at the hands of terrorists, Mitch Rapp is drawn into the world of counterterrorism, mentored by tough-as-nails former U.S. Navy S.E.A.L. Stan Hurley.",112,"Action, Thriller",6.2,45.0,61589,36.25,Michael Cuesta,Dylan O'Brien,Michael Keaton,Sanaa Lathan,Taylor Kitsch
92,93,Paddington 2,"Paddington (Ben Whishaw), now happily settled with the Brown family and a popular member of the local community, picks up a series of odd jobs to buy the perfect present for his Aunt Lucy's (Imelda Staunton's) 100th birthday, only for the gift to be stolen.",103,"Adventure, Comedy, Family",7.8,88.0,51355,40.44,Paul King,Ben Whishaw,Hugh Grant,Hugh Bonneville,Sally Hawkins
93,94,The Ritual,"A group of college friends reunite for a trip to the forest, but encounter a menacing presence in the woods that's stalking them.",94,"Horror, Mystery, Thriller",6.3,57.0,63131,0.0,David Bruckner,Rafe Spall,Arsher Ali,Robert James-Collier,Sam Troughton
94,95,Cars 3,Lightning McQueen sets out to prove to a new generation of racers that he's still the best race car in the world.,102,"Animation, Adventure, Comedy",6.7,59.0,64779,152.9,Brian Fee,Owen Wilson,Cristela Alonzo,Chris Cooper,Nathan Fillion
95,96,The Square,A prestigious Stockholm museum's chief art curator finds himself in times of both professional and personal crisis as he attempts to set up a controversial new exhibit.,151,"Comedy, Drama",7.2,73.0,47307,1.5,Ruben Östlund,Claes Bang,Elisabeth Moss,Dominic West,Terry Notary
96,97,Hampstead,An American widow finds unexpected love with a man living wild on Hampstead Heath when they take on the developers who want to destroy his home.,102,"Comedy, Drama, Romance",6.0,53.0,3721,0.14,Joel Hopkins,Diane Keaton,James Norton,Jason Watkins,Brendan Gleeson
97,98,The Circle,"A woman lands a dream job at a powerful tech company called the Circle, only to uncover an agenda that will affect the lives of all of humanity.",110,"Drama, Sci-Fi, Thriller",5.3,43.0,76046,20.48,James Ponsoldt,Emma Watson,Tom Hanks,John Boyega,Ellar Coltrane
98,99,Newness,"In contemporary Los Angeles, two millennials navigating a social media-driven hookup culture begin a relationship that pushes both emotional and physical boundaries.",117,"Drama, Romance",6.4,50.0,10691,0.0,Drake Doremus,Nicholas Hoult,Laia Costa,Danny Huston,Courtney Eaton
99,100,Jungle,"A group of friends join a guide for a trek into the Bolivian jungle, searching for an Indian village. The men soon realize that the jungle is a difficult place to be.",115,"Biography, Drama, Thriller",6.7,48.0,39019,0.0,Greg McLean,Daniel Radcliffe,Yasmin Kassim,Luis Jose Lopez,Lily Sullivan
